Card Title,One-Liner,Horizon,Effort,Item Count,Status Summary,User Story 1,User Story 2,User Story 3
Filter Results to Your Region,"Restrict predictions to plausible species using regional checklists, geofencing, and class masking.",now-3mo,M,8,2 tracked in GitHub; 6 partially implemented,"As a field ecologist, I want predictions restricted to species in my region so I don't waste time on impossible IDs.","As a project manager, I want geofenced results so partner reports only include locally plausible species.",
Honest Results at the Right Level,Roll up to genus or family when the model is uncertain — coarser-but-confident predictions beat wrong species IDs.,now-3mo,L,10,7 partially implemented; 3 untracked,"As a taxonomist, I want the system to roll up to genus when it can't confidently identify to species, so results are honest rather than wrong.","As a project manager, I want confidence-appropriate results in reports so partners trust the data.",
Pipeline and Model Management,"Configure, deploy, and manage ML pipelines — model registry, processing service UI, reprocessing, active/inactive pipelines.",now-3mo,L,16,2 tracked in GitHub; 14 partially implemented,"As a project manager, I want to choose which ML pipelines run on my data without developer help.","As an ML researcher, I want to register new models and track their lineage in the platform.",
Confidence You Can Measure,"Estimate and display how confident the system is about each prediction using accuracy metrics per species, region, and camera.",now-3mo,L,10,4 tracked in GitHub; 5 partially implemented; 1 untracked,"As a field ecologist, I want to see how accurate the model is on my specific data so I know when to trust it.","As a project manager, I want auto-generated accuracy reports so I can include reliability statements in publications.","As an ML researcher, I want per-class confidence calibration so I can identify where the model needs improvement."
Track Insects Across Frames,Use multiple detections of the same individual across frames to improve species identification of occurrences.,now-3mo,M,5,1 tracked in GitHub; 4 partially implemented,"As a field ecologist, I want the system to combine evidence from multiple photos of the same insect to get a more reliable ID.","As an ML researcher, I want temporal tracking to aggregate classification scores across detections for better occurrence-level predictions.",
Remove Bad Data Automatically,"Filter out blurry, cut-off, or too-small detections before classification so results aren't polluted by junk.",now-3mo,L,10,1 tracked in GitHub; 9 partially implemented,"As a field ecologist, I want the system to skip images that are too blurry or partial so I only review real observations.","As a project manager, I want cleaner results by default so species counts reflect actual biodiversity, not image artifacts.",
Better Default Settings,"Ship sensible defaults that hide noise — confidence thresholds, non-insect class hiding, and per-project configuration.",now-3mo,S,3,1 tracked in GitHub; 1 partially implemented; 1 untracked,"As a new user, I want the system to show useful results out of the box without needing to configure thresholds manually.","As a project manager, I want project-level default filters so my team sees clean results without individual setup.",
Improved Insect Detector,"Reduce duplicate detections, handle more camera types, and skip non-insect artifacts in high-volume scenarios.",now-3mo,M,8,2 tracked in GitHub; 6 partially implemented,"As a field ecologist, I want fewer false detections so I spend less time dismissing non-insects.","As an ML researcher, I want the detector to handle overlapping detections better so downstream classification isn't confused.",
New Processing Pipeline,Get the new async processing pipeline running and tested with partner data for real-world feedback.,now-3mo,S,3,1 tracked in GitHub; 2 partially implemented,"As a project manager, I want reliable automated processing so results arrive without manual intervention.","As an ML researcher, I want to test new models on partner data to validate improvements before wider rollout.",
Fix Critical Bugs,"Resolve trust-killing issues: password reset, dangling jobs, processing failures, and milestone #27 items.",now-3mo,L,15,4 tracked in GitHub; 7 partially implemented; 4 untracked,"As a user, I want to reset my password without contacting a developer so I can recover my account independently.","As a project manager, I want processing jobs to complete reliably without hanging indefinitely.","As any user, I want basic platform operations to work consistently so I can trust the system with my research."
Project Quick Start,Let new users go from 'I have images' to 'I see results' in minutes with a single guided form.,now-3mo,L,19,19 untracked,"As a new user at a conference, I want to upload sample images and see results immediately so I know if Antenna works for my data.","As a field ecologist, I want to create a project with minimal setup so I can evaluate the platform quickly.","As a project manager, I want a demo project that showcases the platform's capabilities to potential partners."
Verification That Scales,Suggest which occurrences to verify for maximum calibration value instead of verifying everything one by one.,now-3mo,S,2,1 tracked in GitHub; 1 untracked,"As a taxonomist, I want the system to suggest which identifications need my attention most so I use my time efficiently.","As a field ecologist, I want to know when I've verified enough to trust the overall results so I can stop checking every record.","As an ML researcher, I want to identify which verified records would be most valuable for model retraining."
Processing Reliability,"Make jobs complete consistently — fix timeouts, improve error handling, and add progress visibility.",now-3mo,S,2,2 partially implemented,"As a project manager, I want to see real-time progress of processing jobs so I know what's happening.","As a field ecologist, I want failed jobs to recover gracefully instead of losing all progress.",
Species List Management,"Create, edit, and assign regional species lists to projects for class masking and result filtering.",now-3mo,L,13,4 tracked in GitHub; 6 partially implemented; 3 untracked,"As a taxonomist, I want to maintain a regional species checklist so predictions are restricted to plausible species.","As a project manager, I want to assign different species lists to different deployments based on their location.",
Data Upload and Import,Upload images from cameras and import externally processed data without developer help.,now-3mo,L,19,6 tracked in GitHub; 12 partially implemented; 1 untracked,"As a field ecologist, I want to upload images from my camera's SD card to the platform without command-line tools.","As a project manager, I want to import detection results from another system so I can use Antenna for verification and analysis.",
Model Retraining for Partners,Retrain and deploy regional models using partner-verified data to improve accuracy for specific use cases.,now-3mo,L,12,12 partially implemented,"As an ML researcher, I want to retrain the classifier on Panama-verified data so results improve for tropical species.","As a project manager, I want a regional model tuned to my camera's data so accuracy reflects my specific conditions.",
Auth and Account Basics,"Fix password reset, sign-up flow, and basic role management so users can manage their own accounts.",now-3mo,L,11,1 tracked in GitHub; 4 partially implemented; 6 untracked,"As a user, I want to reset my password via email without needing developer assistance.","As a project manager, I want to invite team members and assign roles so the right people have the right access.",
User Guide and Tutorials,"Step-by-step documentation for common workflows: project setup, reviewing results, exporting data.",next-6mo,XL,48,1 tracked in GitHub; 47 untracked,"As a field ecologist, I want a guide that walks me through setting up a new monitoring project from start to finish.","As a new user, I want tutorial videos or walkthroughs so I can learn the platform without live training.",
Self-Hosting Documentation,"Installation guides, configuration docs, and one-click deploy options for community self-hosting.",next-6mo,S,1,1 untracked,"As a university IT admin, I want clear installation docs so I can deploy Antenna for our ecology department.","As a community user, I want a one-click deploy option (Digital Ocean, etc.) so I can run my own instance.",
Developer and API Documentation,"Technical docs for building integrations, custom processing services, and contributing to Antenna.",next-6mo,M,7,4 partially implemented; 3 untracked,"As an ML researcher, I want API docs so I can build a custom processing service that integrates with Antenna.","As a developer, I want contributor guidelines so I can add features to the open-source project.",
Darwin Core and Data Export,"Export occurrence data in Darwin Core, CSV, and other formats for GBIF submission and ecological analysis.",next-6mo,L,18,2 tracked in GitHub; 1 partially implemented; 15 untracked,"As a field ecologist, I want to export my data in Darwin Core format so I can submit it to GBIF.","As a project manager, I want CSV exports with flexible column selection so I can use the data in R or Python.","As an ML researcher, I want to export training data with annotations for model development."
Gallery and Review Experience,"Improve the image gallery with better navigation, filtering, linking between views, and keyboard shortcuts.",next-6mo,XL,40,4 tracked in GitHub; 36 untracked,"As a taxonomist, I want to navigate between occurrence detail and session views with one click so I can review in context.","As a field ecologist, I want to filter the gallery by species, confidence, and date so I find what I need quickly.",
Phenology and Abundance Charts,"Visualize species occurrence over time — flight periods, seasonal patterns, abundance trends, co-occurrence.",next-6mo,XL,21,21 untracked,"As a field ecologist, I want phenology charts showing when species appear so I can compare across years.","As a conservation decision-maker, I want abundance trend graphs so I can assess population changes.",
Collections and Dynamic Datasets,"Rework image collections into dynamic, filter-based datasets for flexible grouping and batch operations.",next-6mo,XL,26,7 partially implemented; 19 untracked,"As a field ecologist, I want to create a dataset from filter criteria (date range, deployment, species) so I can batch-process specific subsets.","As an ML researcher, I want dynamic collections so I can create training sets that update as new data arrives.",
Permissions and Team Roles,"Fine-grained roles (viewer, reviewer, admin) and object-level permissions for multi-team collaboration.",next-6mo,L,13,13 untracked,"As a project manager, I want to grant reviewers access to verify identifications without being able to change project settings.","As an admin, I want to manage team membership and permissions per project so each team controls their own data.",
Deployment and Event Management,"Better tools for managing monitoring stations, sites, devices, and temporal event grouping.",next-6mo,L,13,2 tracked in GitHub; 10 partially implemented; 1 untracked,"As a field ecologist, I want to manage multiple camera stations with their locations and time periods from the UI.","As a project manager, I want to see which deployments have recent data and which need attention.",
Taxonomy Hierarchy and Display,"Improved taxonomy tree navigation, display names, common names, and parent-child relationship management.",next-6mo,XL,24,7 tracked in GitHub; 3 partially implemented; 14 untracked,"As a taxonomist, I want to browse the taxonomy tree and see common names alongside scientific names.","As a field ecologist, I want to navigate from a species to all its occurrences across my project.",
UI Polish and Consistency,"Fix layout issues, improve date pickers, make responsive design work, and standardize component patterns.",next-6mo,XL,77,5 partially implemented; 72 untracked,"As any user, I want the interface to be consistent and predictable so I can learn it once and navigate confidently.","As a field ecologist working on a tablet, I want the UI to work well on smaller screens.",
Infrastructure and DevOps,"Improve CI/CD, monitoring, logging, and deployment automation for reliability and developer productivity.",next-6mo,XL,47,26 partially implemented; 21 untracked,"As a developer, I want reliable CI/CD so I can deploy with confidence.","As an admin, I want monitoring dashboards so I can detect issues before users report them.",
Non-Time-Series Data Support,"Support lab microscopes, specimen drawers, and other non-camera-trap image sources.",later,S,1,1 untracked,"As an entomologist, I want to process specimen drawer photos so I can digitize museum collections.","As an ML researcher, I want to use Antenna for lab microscope images so one platform handles all insect imaging.",
Pollinator and General Detection,"Expand beyond moths to pollinators, general insects, and broader ecological monitoring use cases.",later,S,2,2 untracked,"As a field ecologist, I want to detect pollinators visiting flowers so I can study plant-pollinator interactions.","As a conservation decision-maker, I want general insect monitoring data, not just moths.",
Ecosystem Integrations,"Connect with iNaturalist, GBIF, and external ML platforms for data exchange and community science.",later,L,10,3 tracked in GitHub; 7 untracked,"As a community scientist, I want to sync observations with iNaturalist so both platforms benefit.","As a project manager, I want automatic GBIF submission so our data is publicly discoverable.",
Advanced ML Features,"Clustering support, multi-model ensembles, active learning loops, and advanced post-processing.",later,XL,40,3 tracked in GitHub; 10 partially implemented; 27 untracked,"As an ML researcher, I want to run multiple models and ensemble their results for better accuracy.","As a project manager, I want the system to actively learn from corrections to improve over time.",
Multi-Tenant and Cloud Scaling,Support multiple organizations on shared infrastructure with proper isolation and resource management.,later,M,5,5 untracked,"As an admin, I want to host multiple organizations on one deployment with proper data isolation.","As a cloud operator, I want auto-scaling so the platform handles load spikes during processing.",
Research and Experimental Features,"Exploratory work: new ecological metrics, experimental UI patterns, academic collaboration features.",later,L,18,1 tracked in GitHub; 2 partially implemented; 15 untracked,"As an ML researcher, I want experimental features behind feature flags so I can test ideas without affecting production users.","As a field ecologist, I want to pilot new analysis methods on my data before they become standard features.",
Community Building,"Forums, shared resources, community events, and collaboration tools for the broader Antenna ecosystem.",later,XL,49,49 untracked,"As a community member, I want a forum to share experiences and help others set up their monitoring programs.","As a project manager, I want to discover and connect with other teams using Antenna in my region.",
Completed Work (Reference),Capability inventory: features already built and shipped. Not on the board — for context only.,done,-,109,Already shipped,,,
